1001.jpg,#3f3c1e
1002.jpg,#d5d1cc
1004.jpg,#2d2726
1005.jpg,#376782
1006.jpg,#435d8a
1007.jpg,#2b6297
1011_1433930031.jpg,#c1afa5
1013_1433414569.jpg,#887667
1016.jpg,#d8d0c2
1020_1417688138.jpg,#372f2a
1020_1417782348.jpg,#341d24
1020_1417783192.jpg,#331d24
1020_1417789136.jpg,#2f1e27
1020_1436453637.jpg,#e29a97
1021_1433228765.jpg,#3b3837
1024_1432103557.jpg,#3c322a
1026_1433763866.jpg,#d6d1c7
1028.jpg,#d8d0c2
1029.jpg,#aec1b1
1029_1427280212.jpg,#413e45
1030.jpg,#363f48
1030_1432881560.jpg,#7e613d
1031.jpg,#463b47
1032.jpg,#363f48
1032_1439465316.jpg,#36383c
1032_1450779896.jpg,#c1c8ca
1033.jpg,#363f48
1033_1432881576.jpg,#8b8c8b
1033_1449574588.jpg,#3a363f
1034.jpg,#363f48
1034_1449575320.jpg,#d5cccb
1035.jpg,#363f48
1035_1432881606.jpg,#7b8294
1035_1449574651.jpg,#26222f
1038_1433770261.jpg,#45423f
1039_1434447900.jpg,#705a4a
1040_1433770275.jpg,#d9c0bd
1041_1422949867.jpg,#1d5362
1041_1426570483.jpg,#3b3b3a
1042_1433763461.jpg,#824c18
1061.jpg,#ddddd9
1068_1433316685.jpg,#3b3339
1069.jpg,#a1845f
1069_1419073003.jpg,#a1845f
1069_1427280650.jpg,#8a7459
1079.jpg,#212527
108.jpg,#71a1b4
1080.jpg,#100905
1080_1427262123.jpg,#d29973
11.jpg,#a59f2b
1104.jpg,#9f9287
1122_1426569941.jpg,#dfb997
1135.jpg,#b59c7a
114.jpg,#e9e9e9
1140.jpg,#b59c7a
1140_1426569740.jpg,#c0ac97
1150.jpg,#f6c60c
1154_1438108494.jpg,#ddcec9
1154_1459931215.jpg,#453f3c
119_1446445508.jpg,#b0a998
1208.jpg,#b7bab7
1209_1456313800.jpg,#877456
1214_1418130348.jpg,#121017
1214_1418130368.jpg,#121017
1214_1418130369.jpg,#121017
1214_1418130608.jpg,#151516
1222.jpg,#391b36
1230_1433501889.jpg,#d7d0d0
1233_1421675147.jpg,#9e8f75
1233_1426845895.jpg,#49413c
1242.jpg,#79715e
1257_1426845974.jpg,#49413c
1258_1435239191.jpg,#8e574c
1259_1421315306.jpg,#9e8f75
1259_1421680673.jpg,#443a3a
1259_1426845786.jpg,#534b4b
1259_1447167400.jpg,#88655a
1260.jpg,#69391b
1260_1426845982.jpg,#49413c
1261.jpg,#7d5833
1261_1426845743.jpg,#7b5233
1262_1426846002.jpg,#49413c
1263.jpg,#3d4843
1265.jpg,#423931
1269_1445427290.jpg,#725948
1277.jpg,#252d2b
1293_1423656594.jpg,#735c55
1293_1426570440.jpg,#4e4240
1295_1423656963.jpg,#735c55
1295_1426570393.jpg,#4e4240
1296.jpg,#232119
1296_1427279907.jpg,#aeb2a1
129_1457607477.jpg,#363534
129_1458029759.jpg,#363536
1309_1433334150.jpg,#313031
131_1433763847.jpg,#d1cbbf
1331.jpg,#e5d8a8
1332.jpg,#756c58
1332_1427280992.jpg,#47382d
1333.jpg,#e5d8a8
1334_1438111661.jpg,#b3aba5
1376.jpg,#bbb591
138.jpg,#987a54
1380_1438065785.jpg,#b3aba5
1388.jpg,#c8bc9c
1388_1421848049.jpg,#393527
1388_1423288587.jpg,#3a3828
1388_1423723906.jpg,#352f22
1388_1427279725.jpg,#3d3434
1389.jpg,#e7e4dd
138_1426845664.jpg,#7f614d
1392.jpg,#3f3637
1392_1449578028.jpg,#352e2f
1393.jpg,#3f3637
1393_1450771334.jpg,#c0b2ad
1393_1452238105.jpg,#c0b2af
1395.jpg,#3f3939
1395_1427105933.jpg,#362e31
139_1433930046.jpg,#be9f74
1413_1426570633.jpg,#444140
1414_1444722572.jpg,#30352a
1414_1450704783.jpg,#382b3c
1421.jpg,#423023
1421_1427105404.jpg,#3d2a19
1422.jpg,#6f4f31
1422_1427105432.jpg,#715234
1423.jpg,#d0ae92
1424.jpg,#23252c
1427_1438064290.jpg,#b3aba5
1428.jpg,#8d969d
1431.jpg,#ccbfbc
1431_1427262185.jpg,#2c292f
1437_1438108484.jpg,#b3aba5
143_1452245431.jpg,#413126
143_1452249018.jpg,#413126
1441.jpg,#af9780
1442.jpg,#d8d0c2
1442_1435322788.jpg,#f5f4ec
1444.jpg,#70594c
1445.jpg,#1c2538
1447.jpg,#3d3d32
1448.jpg,#d8d0c2
1469.jpg,#415537
147.jpg,#d2cfb9
1471.jpg,#a59f2b
1472.jpg,#e5ecf0
1473.jpg,#a49b8b
1473_1427105737.jpg,#9e9280
1484.jpg,#7b5c30
1484_1447165983.jpg,#443e38
1488.jpg,#504b43
1489.jpg,#bc903f
1490.jpg,#27231d
1490_1426569694.jpg,#854d43
1490_1443431642.jpg,#bababa
1493.jpg,#5daccc
1494.jpg,#3e4b30
1494_1426570659.jpg,#4c563e
1495.jpg,#799325
1495_1426062082.jpg,#1a193d
1496_1435990998.jpg,#745227
1497.jpg,#2b302b
1498.jpg,#424620
1499_1417774959.jpg,#d8d0c2
1500.jpg,#bc903f
1501.jpg,#212051
1501_1426062042.jpg,#e0d0c7
1504.jpg,#dba341
1507.jpg,#c7e1ec
1510_1457163484.jpg,#cbaf99
1513_1438111261.jpg,#ddcec9
1516_1430729578.jpg,#755f57
1518_1437973705.jpg,#d7d0d0
1518_1444722593.jpg,#48454a
1522.jpg,#352c39
1522_1426062200.jpg,#403e31
1523_1437973832.jpg,#d7d0d0
1554.jpg,#363f48
1554_1432881676.jpg,#857668
1560.jpg,#31100d
1563.jpg,#100b1c
1579.jpg,#3f3637
1580.jpg,#3f3637
1581.jpg,#3f3637
1582.jpg,#3f3637
1582_1448346948.jpg,#d67e7c
1583.jpg,#3f3637
1583_1452158216.jpg,#c7bbb3
1584.jpg,#3f3637
1587.jpg,#463732
1589.jpg,#d4bdae
1600.jpg,#e5e1d5
1600_1426062248.jpg,#e4e0cf
1602.jpg,#3f3637
1602_1450773661.jpg,#bc615a
1603.jpg,#3f3637
1603_1452238046.jpg,#3b2d30
1604.jpg,#3f3637
1604_1452237932.jpg,#c9bdb2
1605.jpg,#3f3637
1605_1449578199.jpg,#363131
1606.jpg,#3f3637
1607.jpg,#3f3637
1607_1449578372.jpg,#e1c6be
1608.jpg,#241e18
1611_1438095314.jpg,#b3aba5
1611_1440752076.jpg,#414042
1613_1463741713.jpg,#bea877
1614_1438108517.jpg,#ddcec9
1621.jpg,#632a27
1622_1429871280.jpg,#2d323c
1623_1437973554.jpg,#d7d0d0
1623_1440752822.jpg,#b4aca1
1624.jpg,#b3ad35
1630.jpg,#718e57
1630_1427279253.jpg,#ddb4a4
1639_1417706836.jpg,#9f9883
1639_1427279123.jpg,#b3976a
1642.jpg,#ada198
1646.jpg,#b6a36e
1646_1426570294.jpg,#3c302b
1648.jpg,#bc903e
1649.jpg,#9b7e6a
1650.jpg,#c4a198
1651.jpg,#f6c60c
1652.jpg,#f6c60c
1653.jpg,#f6c60c
1654.jpg,#f6c60c
1655_1433316699.jpg,#644944
1656_1441879214.jpg,#b6aea6
1658_1433414348.jpg,#3a3b37
166.jpg,#433e37
1663.jpg,#835e43
1664.jpg,#dfded8
1664_1417676719.jpg,#e0d2b6
1664_1469791535.jpg,#837566
1666.jpg,#938b8b
1667.jpg,#858885
1667_1427105285.jpg,#bbad96
1667_1452505606.jpg,#b6ada6
1668_1433414412.jpg,#352b2c
1669.jpg,#635a56
167.jpg,#d5d2ce
1671_1428907433.jpg,#4d3c2d
1672.jpg,#292a1d
1673_1430727198.jpg,#483b3a
1676_1417675654.jpg,#a68f63
1677_1418049871.jpg,#aa9080
1677_1418049885.jpg,#aa9080
168.jpg,#d8d0c2
1682.jpg,#b4aba4
1682_1417674329.jpg,#bbb3ab
1682_1427281023.jpg,#c3b2a7
1688.jpg,#c77d66
169.jpg,#d6a897
1690.jpg,#536437
1690_1426063028.jpg,#2d3626
1691_1417674175.jpg,#c5b9ac
1691_1435846121.jpg,#3d2c23
1692.jpg,#242424
1698.jpg,#4a3929
1699_1418133303.jpg,#bebebe
170.jpg,#454030
1701_1418735688.jpg,#e9f0de
1701_1418735694.jpg,#e9f0de
1704.jpg,#c7c4bf
1704_1418051982.jpg,#c7c4bf
1704_1427262565.jpg,#bbafa2
1705_1420285360.jpg,#8d9eab
1705_1427280334.jpg,#b0b7b2
1706.jpg,#493630
1706_1427280282.jpg,#483f3e
1708_1427281062.jpg,#2e3434
171.jpg,#13211f
1711_1433930221.jpg,#473c3c
1712_1433489821.jpg,#878d5e
171_1425971525.jpg,#dec896
171_1461222814.jpg,#322e2e
1720_1452241434.jpg,#4d5058
1732_1437973676.jpg,#d7d0d0
1732_1459931118.jpg,#b4adac
1737_1438111077.jpg,#b3aba5
1739_1437401571.jpg,#87663f
1749_1418735923.jpg,#bc903e
1749_1418735950.jpg,#bc903e
1749_1418735956.jpg,#bc903e
1750_1444722550.jpg,#726456
1751_1433325120.jpg,#37323b
1752_1445235631.jpg,#949d90
1756_1437973608.jpg,#d7d0d0
1764_1438064295.jpg,#1b1514
1765_1417775444.jpg,#37281c
1765_1426570323.jpg,#6e5e56
1766_1433228603.jpg,#845b4b
1766_1443178911.jpg,#cab5a6
1767_1417612754.jpg,#d8d0c2
1767_1419600719.jpg,#e5d8a8
1767_1419601133.jpg,#407797
1767_1419601784.jpg,#455847
1767_1419753077.jpg,#d8d0c2
1768_1417613176.jpg,#bbb3ab
1768_1417613179.jpg,#bbb3ab
1768_1417613183.jpg,#bbb3ab
1770_1433228656.jpg,#483f3a
1771_1417684958.jpg,#1f223c
1773_1418973065.jpg,#b9b8b2
1783_1430214698.jpg,#313637
1786_1452583085.jpg,#161819
1786_1452583222.jpg,#161819
1799_1448101010.jpg,#444848
179_1451674276.jpg,#bf9b69
18.jpg,#4c3c15
1800_1421667315.jpg,#413d3f
1800_1425971407.jpg,#423c38
1801_1436000099.jpg,#9e8f75
1801_1444912017.jpg,#e3b5af
1803_1422956275.jpg,#dcbf92
1803_1425362711.jpg,#28252e
1803_1446103968.jpg,#756343
1806_1446104437.jpg,#6f6259
1809_1430383059.jpg,#27221f
1816_1419349050.jpg,#86544c
1816_1422860213.jpg,#7e544c
1816_1425277337.jpg,#413330
1818_1432898987.jpg,#181311
1820_1422715948.jpg,#bfb08f
1820_1425971889.jpg,#bcaa8f
1824_1419603003.jpg,#d3a970
1824_1425971873.jpg,#d5a56f
1827_1446103865.jpg,#746040
1831_1419850577.jpg,#ccc1bd
1831_1426063142.jpg,#917853
1832_1448100230.jpg,#8f8886
1835_1419862083.jpg,#704027
1835_1427106449.jpg,#7c4a30
1837_1436942403.jpg,#dfc098
1840_1422714746.jpg,#c3aa7f
1842_1424936824.jpg,#958e82
1842_1425362765.jpg,#8c8083
1845_1439986864.jpg,#4c4f55
1846_1446104188.jpg,#303030
1846_1446104706.jpg,#303030
1846_1446108521.jpg,#303030
1846_1446108533.jpg,#303030
1846_1446108750.jpg,#303030
1846_1457002763.jpg,#333032
1851_1425890946.jpg,#c48e5c
1853_1421855288.jpg,#a3754f
1853_1425362687.jpg,#473632
1855_1421848927.jpg,#e8e5e4
1855_1425971851.jpg,#e0bba5
1856_1460360926.jpg,#baa999
1860_1422598191.jpg,#3f3b36
1860_1425971806.jpg,#35302d
1862_1431435857.jpg,#494b49
1863_1446104468.jpg,#6f6259
1864_1446104470.jpg,#6f6259
1865_1446104482.jpg,#6f6259
1867_1448100436.jpg,#dbdeda
1870_1431433508.jpg,#413e45
1870_1439465342.jpg,#51505a
1873_1421679084.jpg,#373a37
1873_1426570362.jpg,#323534
1874_1422721929.jpg,#9e8f75
1874_1449060666.jpg,#1d1e1d
1875_1422722580.jpg,#9e8f75
1875_1449060698.jpg,#444036
1876_1436441165.jpg,#423121
1876_1436441176.jpg,#423121
188.jpg,#c7c4b0
1883_1457001949.jpg,#776047
1884_1472198557.jpg,#c8b3aa
1885_1436360832.jpg,#352e29
1889_1429772134.png,#272729
1889_1429772245.png,#272729
1892_1435218728.jpg,#bfbbab
1895_1436364381.jpg,#40325b
1908_1448026201.jpg,#cdb391
1913_1448100856.jpg,#917d7a
1927_1421066333.jpg,#424541
1927_1425277413.jpg,#756e5c
1928_1430726907.jpg,#b9b0a9
1928_1433771047.jpg,#393431
1934_1422337153.jpg,#403129
1934_1425362972.jpg,#473630
1935_1421135506.jpg,#3a2829
1935_1425277434.jpg,#403033
1936_1421152750.jpg,#9b7854
1936_1425277536.jpg,#3a3025
1937_1421306658.jpg,#bc8946
1937_1425277587.jpg,#bd8444
1938_1459494856.jpg,#bcb2a7
1939_1421436360.jpg,#8facb3
1939_1426570512.jpg,#bac7cf
1939_1432986290.jpg,#b4d0d1
1946_1431433774.jpg,#434848
1955_1446103743.jpg,#494442
1960_1421668764.jpg,#413d3f
1960_1425971412.jpg,#423c38
1961_1421669248.jpg,#413d3f
1961_1425971438.jpg,#423c38
1962_1421735121.jpg,#d2c291
1962_1425363071.jpg,#c7cfb7
1965_1421844400.jpg,#85724f
1965_1427105655.jpg,#9d8d7c
1968_1428147944.jpg,#494042
1971_1457002045.jpg,#2a2239
1984_1424505557.jpg,#ac9178
1984_1443616369.jpg,#0c2424
1984_1443616915.jpg,#f9e209
1984_1443617327.jpg,#f9e209
1984_1443617564.jpg,#f7e00e
1984_1443617684.jpg,#f7e10e
1984_1443617808.jpg,#f7e10e
1984_1443618280.jpg,#f7e10e
1984_1443618459.jpg,#f8e20b
1984_1444724236.jpg,#1e2b37
1985_1422351408.jpg,#47d6a9
1985_1422351516.jpg,#47d6a9
1986_1454571088.jpg,#47463d
1989_1437664877.jpg,#d0d0c2
1997_1446104096.jpg,#3e302e
1_1425276778.jpg,#c27439
2001_1446104126.jpg,#3e302e
2002_1438958265.jpg,#c9a396
2002_1446104032.jpg,#3e302e
2004_1460382453.jpg,#cdadbe
2021_1438958555.jpg,#ccc8c8
2024_1460382241.jpg,#a9885e
2029_1422715698.jpg,#b0925b
2030_1424410512.jpg,#b0925b
2044_1442930200.jpg,#463d40
2044_1442930212.jpg,#463d40
2044_1442930221.jpg,#463d40
2044_1442930229.jpg,#463d40
2044_1442930231.jpg,#463d40
2044_1442930235.jpg,#463d40
2044_1442930244.jpg,#463d40
2050_1459952426.jpg,#383830
2079_1422710298.jpg,#525454
2083_1422713228.jpg,#3f3e44
2083_1446104653.jpg,#876c62
2090_1448100290.jpg,#cbcac2
2101_1445839637.jpg,#c9c0c3
2105_1422721105.jpg,#7e7a72
2105_1449060723.jpg,#2c2625
2107_1438958328.jpg,#c5b4ba
2107_1460361252.jpg,#c28f4a
2109_1424942702.jpg,#ebdcf2
2109_1446103446.jpg,#394243
2117_1446104206.jpg,#42393f
2119_1457002903.jpg,#6f5b4c
2126_1457002530.jpg,#333e43
2127_1448100325.jpg,#b6b1a5
2134_1439198362.jpg,#cac2be
2137_1429602296.jpg,#2b282a
2140_1446103571.jpg,#706559
2140_1446103600.jpg,#706559
2140_1446103620.jpg,#706559
2145_1431433186.jpg,#8a8b5b
2147_1436001803.jpg,#9e8f75
2147_1444912010.jpg,#e3b5af
2148_1431432511.jpg,#4b433d
2148_1460361074.jpg,#4b423c
2155_1435054542.jpg,#655c59
2156_1436002197.jpg,#9e8f75
2156_1444911914.jpg,#e3b5af
2157_1457086184.jpg,#7f7456
2165_1445839831.jpg,#413535
2165_1446103792.jpg,#313238
217.jpg,#9d8b6d
2173_1446103895.jpg,#413031
2183_1429599203.jpg,#2b282a
2185_1432104134.jpg,#b7b0ab
2185_1446104607.jpg,#a97c71
2187_1460385274.jpg,#2e2c31
2196_1431430717.jpg,#525454
2196_1436270507.jpg,#464042
2197_1436169423.jpg,#525454
2198_1431430690.jpg,#525454
2199_1436173336.jpg,#525454
2200_1433170465.jpg,#42567a
2201_1433156176.jpg,#525454
2201_1433230631.jpg,#aeac9a
2207_1432989149.jpg,#cdc4bd
2208_1423315116.jpg,#896252
2209_1452508774.jpg,#8c685f
2220_1457599637.jpg,#db8666
2224_1423473976.jpg,#c8b79c
223.jpg,#dbcbc6
2235_1436197058.jpg,#3f3535
2235_1449578267.jpg,#3a3233
2236_1436197085.jpg,#3f3535
2236_1452238203.jpg,#826a62
2244_1436197113.jpg,#3f3535
2244_1450771203.jpg,#31292b
224_1433316638.jpg,#d07956
227.jpg,#e6dcd1
2281_1443179139.jpg,#87574e
2281_1456824062.jpg,#a3785c
2293_1431435787.jpg,#494b49
2297_1424065677.jpg,#4a5470
2297_1426569715.jpg,#2f2f42
22_1438065774.jpg,#ddcec9
2309_1435761203.jpg,#413126
232_1433316648.jpg,#171d13
2378_1433489807.jpg,#383432
2386_1429870578.jpg,#463935
2386_1450707241.jpg,#a9766e
2408_1459931046.jpg,#b67d5b
2421_1433414316.jpg,#4e3d36
2424_1460382526.jpg,#110d10
2436_1432103301.jpg,#302e30
2436_1432103315.jpg,#302e30
2436_1432103328.jpg,#302e30
2436_1432103338.jpg,#302e30
2443_1445231509.jpg,#888183
2451_1450704769.jpg,#382b3c
2459_1440489544.jpg,#a88987
2459_1446103364.jpg,#1b1915
25.jpg,#44392a
2501_1443178965.jpg,#865a51
256_1433930066.jpg,#be9f74
2592_1434447873.jpg,#898387
26.jpg,#373022
2628_1446104660.jpg,#876c62
2630_1446104694.jpg,#876c62
2632_1429083927.jpg,#74756f
2640_1457002810.jpg,#463e3f
2650_1446103529.jpg,#998068
2651_1448100351.jpg,#b6b1a5
2663_1457002186.jpg,#b2988c
2667_1435215595.jpg,#232025
2669_1436364331.jpg,#8a7f72
2673_1438957970.jpg,#ddcec9
2677_1436874109.jpg,#463f3b
2678_1436874136.jpg,#463f3b
2680_1457599782.jpg,#6f4d5a
2697_1435992063.jpg,#d7d7d8
2697_1445416901.jpg,#3f4145
2701_1434090411.jpg,#87534e
2707_1435218816.jpg,#451c34
2723_1460189301.jpg,#2a2239
2736_1430387824.jpg,#362b23
2739_1457605585.jpg,#383d41
2739_1457605605.jpg,#383d41
2757_1448100811.jpg,#7b6040
2774_1439986847.jpg,#d6baa2
2776_1445424667.jpg,#bab7b5
2777_1439986891.jpg,#c6d0d7
2778_1460361177.jpg,#847466
2782_1457002535.jpg,#39382f
2785_1448100148.jpg,#747171
2806_1437401967.jpg,#8f6663
2807_1427789603.jpg,#3f3e44
2807_1446104684.jpg,#876c62
2810_1427197771.jpg,#cebda2
2813_1448100173.jpg,#747171
2818_1436167593.jpg,#b88f5a
2821_1437402078.jpg,#b3afa2
2823_1455269321.jpg,#33231d
2824_1437403415.jpg,#a86a42
2828_1437404106.jpg,#4a4644
2833_1433936016.jpg,#482c1b
2833_1437404417.jpg,#8e764d
2839_1436953358.jpg,#2f2d2c
2844_1437402475.jpg,#9a8253
2848_1437404303.jpg,#4a4644
2860_1429084247.jpg,#a38252
2860_1446103504.jpg,#c1aca1
2861_1435818646.JPG,#d9d5c8
2864_1427096937.jpg,#4a3c43
2867_1436441545.jpg,#322720
2873_1448096191.jpg,#aba191
2890_1470639056.jpg,#3f3a3b
292_1438155146.jpg,#b3aba5
2969_1438958642.jpg,#d3c7b0
2973_1431436734.jpg,#352823
2992_1457599733.jpg,#8e8f7e
2993_1445410449.jpg,#4d4e48
2994_1448100704.jpg,#251f27
3006_1436426968.jpg,#403a39
303_1437973799.jpg,#d7d0d0
303_1452507673.jpg,#b39585
3105_1428059389.jpg,#201a32
3109_1463741553.jpg,#8e948f
3129_1446445390.jpg,#835955
3172_1435303361.jpg,#8b7668
3173_1465217435.jpg,#433a36
3175_1436267689.jpg,#3f3a41
3176_1435150073.jpg,#393a3e
3178_1436267772.jpg,#3f3a41
3178_1470639198.jpg,#86644f
3179_1436268029.jpg,#3f3a41
3179_1470639275.jpg,#c6ab90
3183_1436268369.jpg,#3f3a41
3184_1447065584.jpg,#383832
3186_1456923745.jpg,#787572
3186_1456923757.jpg,#787572
3190_1435303383.jpg,#8b7668
3191_1435741611.jpg,#b8aba8
3192_1436268371.jpg,#3f3a41
3192_1470639370.jpg,#463f41
3193_1436265112.jpg,#453c2f
3193_1447069096.jpg,#a68b45
3194_1435308647.jpg,#453c46
3195_1435390612.jpg,#b3939d
3196_1435124487.jpg,#8b814e
3196_1435124511.jpg,#8b814e
3197_1435661848.jpg,#282455
3201_1436268374.jpg,#3f3a41
3201_1471018419.jpg,#d4cfc9
3202_1435661687.jpg,#282455
3204_1436268374.jpg,#3f3a41
3206_1435303390.jpg,#8b7668
3207_1451116766.jpg,#847964
3208_1447071076.jpg,#99958c
3209_1435393147.jpg,#454038
3209_1435393298.jpg,#454038
3209_1435394568.jpg,#454038
3209_1435394599.jpg,#454038
3209_1435394618.jpg,#454038
3209_1435394648.jpg,#454038
3209_1435394680.jpg,#454038
3210_1435144078.jpg,#d5b09a
3211_1435564787.jpg,#3d3732
3226_1435393133.jpg,#454038
3228_1436291833.jpg,#424240
3229_1436291860.jpg,#424240
3233_1436268515.jpg,#3f3a41
3235_1451117520.jpg,#455252
3239_1449231939.jpg,#52504d
3253_1436535481.jpg,#ddb2a0
3254_1435661048.jpg,#404946
3279_1464494049.jpg,#454a52
328.jpg,#b39451
328_1427106463.jpg,#c7a96c
328_1447939903.jpg,#3a494a
329.jpg,#ada58e
3291_1455171064.jpg,#454043
3296_1428670793.jpg,#8e825b
329_1427105565.jpg,#c3c1b0
3305_1429947896.png,#272729
3305_1430726668.jpg,#cdbd9e
3305_1440411695.jpg,#bc7c68
3305_1447152802.jpg,#dadac5
3305_1447153366.jpg,#dadac5
3305_1448442551.jpg,#090808
3305_1448442564.jpg,#090808
333.jpg,#d8d0c2
3330_1436268511.jpg,#3f3a41
3331_1436268483.jpg,#3f3a41
3332_1436268503.jpg,#3f3a41
3333_1436268497.jpg,#3f3a41
3335_1436268624.jpg,#3f3a41
3336_1436268633.jpg,#3f3a41
3337_1436268638.jpg,#3f3a41
3340_1435236164.jpg,#c39b58
3341_1436268649.jpg,#3f3a41
3342_1436268655.jpg,#3f3a41
3342_1470980350.jpg,#8b8d8c
3343_1436268669.jpg,#3f3a41
3343_1470919089.jpg,#50453c
3344_1428672230.jpg,#8e825b
3345_1436268678.jpg,#3f3a41
3346_1436268811.jpg,#3f3a41
3347_1436268811.jpg,#3f3a41
3350_1436277098.jpg,#3b312e
3351_1436276265.jpg,#353337
3360_1465278444.jpg,#423d37
3367_1436291140.jpg,#5f4949
3369_1447070740.jpg,#3d3c3f
3371_1435741667.jpg,#8f8276
3378_1444977099.jpg,#6f7b76
3380_1449204312.jpg,#383634
3382_1429535557.jpg,#37272a
3382_1429801416.jpg,#eccf87
3382_1458300690.jpg,#ba363a
3382_1458300693.jpg,#ba363a
3382_1464090665.jpg,#b04b3a
3387_1449204787.jpg,#373133
3400_1429005444.jpg,#8e825b
3401_1429007518.jpg,#8e825b
3402_1429009435.jpg,#8e825b
3403_1429014689.jpg,#8e825b
3404_1429017571.jpg,#8e825b
3405_1429021530.jpg,#8e825b
3406_1429023926.jpg,#8e825b
3407_1429083378.jpg,#8e825b
3408_1429084916.jpg,#8e825b
3409_1429103007.jpg,#8e825b
341.jpg,#cdcbbf
3410_1429104447.jpg,#8e825b
3412_1429188000.jpg,#8e825b
3415_1429193106.jpg,#8e825b
3416_1444977673.jpg,#4b4447
3417_1436265102.jpg,#a4804c
341_1427279550.jpg,#4e3321
3421_1435741439.jpg,#2b2829
3421_1435741477.jpg,#2b2829
3424_1436265393.jpg,#6f6664
3443_1435144398.jpg,#36333a
3449_1435741709.jpg,#2f292c
3450_1435741721.jpg,#2f292c
3451_1433331984.jpg,#39433f
3456_1447065693.jpg,#b5a89c
3457_1449204680.jpg,#303743
3473_1429521032.jpg,#8e825b
3485_1429532402.jpg,#8e825b
3491_1456923837.jpg,#868484
3495_1454583027.jpg,#795d5b
3496_1429538198.jpg,#8e825b
3498_1429538759.jpg,#8e825b
3499_1435152953.jpg,#c5c082
3499_1449141918.jpg,#d2ce7c
3502_1429713513.jpg,#8e825b
3502_1465814104.jpg,#8a7f5c
3504_1455168260.jpg,#b28961
3512_1429608403.jpg,#756e5c
3514_1429617930.jpg,#8e825b
3516_1429623423.jpg,#8e825b
3518_1429710373.jpg,#8e825b
351_1433324562.jpg,#2f2f2d
3520_1429624478.jpg,#8e825b
3521_1429625567.jpg,#8e825b
3556_1436265371.jpg,#c2b2a8
3557_1464493870.jpg,#473c4b
3564_1429706788.jpg,#8e825b
3565_1449204816.jpg,#373133
357.jpg,#407797
3574_1429774559.jpg,#ccbfb7
3579_1433414334.jpg,#3f3334
3595_1458302637.jpg,#4e3f39
3609_1456924020.jpg,#b97f5a
3612_1435231904.jpg,#706e59
3614_1465217597.jpg,#a59b87
3618_1446184885.jpg,#947f6b
3619_1446185131.jpg,#947f6b
3620_1436521946.jpg,#a99485
3620_1446185311.jpg,#947f6b
3622_1435078167.jpg,#ab745a
3628_1445863770.jpg,#4e433b
3649_1449205051.jpg,#373133
3649_1449205416.jpg,#493d3c
3654_1436165848.jpg,#463f3b
3666_1449204173.jpg,#ad8d69
3667_1458301873.jpg,#786660
3678_1436166361.jpg,#463f3b
3679_1436166856.jpg,#463f3b
3680_1436167344.jpg,#463f3b
369_1433230534.jpg,#4e3b3c
37.jpg,#455847
3702_1436445774.jpg,#b9a286
3716_1458302290.jpg,#282c33
3720_1451237118.jpg,#768f87
3757_1455167707.jpg,#9d7d6b
3774_1436271152.jpg,#3d393e
3775_1436446202.jpg,#464245
3784_1458302020.jpg,#a18767
3792_1455168673.jpg,#8d7764
3802_1435237298.jpg,#818d8e
3807_1435301605.jpg,#ac986e
3807_1435302812.jpg,#ac986e
3807_1435302842.jpg,#ac986e
3807_1435302918.jpg,#ac986e
3808_1430229363.jpg,#ad9e96
3812_1455171303.jpg,#756964
3821_1435301607.jpg,#ac986e
382_1433244714.jpg,#493e34
3843_1454573374.jpg,#282f3e
3847_1432288363.jpg,#d7d0d0
3854_1446103651.jpg,#cbc0bd
3856_1436793128.jpg,#af7851
3860_1449818165.jpg,#3e423b
3863_1436440965.jpg,#6f6056
3871_1436283225.jpg,#3d393f
3878_1447071173.jpg,#b59c8d
3900_1435238270.jpg,#a7998a
3900_1435238278.jpg,#a7998a
3901_1451761566.jpg,#db8d75
3904_1451760906.jpg,#db8d75
3905_1431429035.jpg,#1d0d13
3905_1431429424.jpg,#261d24
3905_1431429535.jpg,#211218
3907_1451759996.jpg,#db8d75
3919_1464494592.jpg,#b3a99b
3926_1436361839.jpg,#454143
3927_1435300568.jpg,#6d7674
3929_1464493765.jpg,#37373c
3963_1435298895.jpg,#282116
3965_1435239485.jpg,#8b6d54
3970_1435573348.jpg,#3f3838
3972_1435140163.jpg,#2c2f30
3975_1435235337.jpg,#adafae
3977_1435150084.jpg,#393a3e
3977_1435150943.jpg,#393a3e
3980_1436292787.jpg,#363a3b
3985_1435572844.jpg,#3f3838
3989_1459931316.jpg,#4f6a82
40.jpg,#4e5257
400.jpg,#735e50
401.jpg,#c0cac2
4015_1435225187.jpg,#2d351e
4018_1430822353.png,#1d1d1d
4018_1430824922.jpg,#836e5d
4018_1430825388.jpg,#836e5d
402.jpg,#74715e
4021_1451116672.jpg,#483836
4022_1451116419.jpg,#443c40
4027_1435303398.jpg,#8b7668
403.jpg,#d5d2ce
4030_1436440112.jpg,#34393c
4032_1435231682.jpg,#aa7962
4034_1435136865.jpg,#31322f
4035_1436445886.jpg,#464548
4043_1436276364.jpg,#4b4644
4045_1435301608.jpg,#ac986e
4046_1435301621.jpg,#ac986e
4048_1435301634.jpg,#ac986e
4048_1435302561.jpg,#ac986e
4049_1435301643.jpg,#ac986e
4049_1435302748.jpg,#ac986e
405.jpg,#d9eef0
4050_1435214644.jpg,#221936
4051_1435214653.jpg,#9b815e
4059_1444977772.jpg,#3c3019
4060_1449212511.jpg,#2c2021
4065_1436445872.jpg,#766260
4066_1436445863.jpg,#766260
4070_1435220271.jpg,#ad8c74
4070_1435220283.jpg,#ad8c74
4073_1436445846.jpg,#766260
4082_1457085925.jpg,#a49887
4088_1455167392.jpg,#3c2923
4098_1470916850.jpg,#e0976e
4099_1470917068.jpg,#e0976e
41.jpg,#d8d0c2
410.jpg,#f3ede3
4115_1433763747.jpg,#9e876a
4119_1433489788.jpg,#405445
413.jpg,#855c18
4142_1433924212.jpg,#e0a77e
4159_1435322529.jpg,#d5d3c8
4159_1435322925.jpg,#d5d3c8
4163_1435240201.jpg,#8d7c60
4163_1435240209.jpg,#8d7c60
4164_1436521888.jpg,#c09186
417.jpg,#837a6f
4173_1435316030.jpg,#bab5a8
4175_1435317449.jpg,#403833
4175_1435317495.jpg,#403833
4179_1435561783.jpg,#6b5856
418.jpg,#d8d0c2
4182_1435305879.jpg,#6c5f56
4183_1435661839.jpg,#282455
4185_1458302435.jpg,#cbc5bd
4198_1436355222.jpg,#7f725b
4209_1436355232.jpg,#795d5b
4212_1435994159.jpg,#95897e
4213_1435153705.jpg,#8c7a78
4217_1436265200.jpg,#ae804e
4226_1431964312.jpg,#9d7c60
4230_1431964461.jpg,#40474d
4232_1431964574.jpg,#40474d
4236_1435217594.jpg,#23344b
424.jpg,#2f2b31
4248_1436793460.jpg,#725d54
424_1427105597.jpg,#49433e
4254_1436265190.jpg,#3b4744
4255_1436282221.jpg,#986a5e
4267_1445231546.jpg,#b19f92
4272_1436793371.jpg,#cfcdca
4281_1449215474.jpg,#2c3139
4291_1435660840.jpg,#2c2832
4307_1435124210.jpg,#1d191b
4307_1435648790.jpg,#1d191b
4331_1432103709.jpg,#b5a07d
4331_1432103723.jpg,#b5a07d
4344_1444977877.jpg,#a57d6e
4352_1435080666.jpg,#291b1a
4370_1435217378.jpg,#b1a09c
4371_1470917129.jpg,#e0976e
438.jpg,#919188
4388_1458302509.jpg,#4e3f39
439.jpg,#3b3a18
4391_1435582953.jpg,#3e4041
4397_1438958051.jpg,#ddcec9
4397_1438958688.jpg,#dacfc2
4397_1446104291.jpg,#3e342c
44.jpg,#d8d0c2
4401_1435303673.jpg,#886b3f
441.jpg,#262f33
4417_1438956125.jpg,#b3aba5
4417_1442930279.jpg,#bcb2aa
442.jpg,#332c37
442_1427279634.jpg,#744c3a
442_1436870157.jpg,#977c36
4447_1436361948.jpg,#b3a9a5
4458_1465217529.jpg,#9f8855
4460_1436522073.jpg,#3f3d3d
4481_1438958506.jpg,#1c3040
4484_1455167994.jpg,#32303a
4485_1436445993.jpg,#ad8a61
4486_1436446018.jpg,#ad8a61
4489_1436440058.jpg,#c8301f
449.jpg,#746968
4491_1436272600.jpg,#6f6c63
4491_1436941733.jpg,#7c7775
449_1427106084.jpg,#3c3839
4516_1435240217.jpg,#8d7c60
4518_1457086049.jpg,#322021
4520_1436445976.jpg,#372e2d
4534_1432988988.jpg,#d6a94d
4534_1450505033.jpg,#232731
4568_1434621746.jpg,#49433e
4581_1445078629.jpg,#b1ae76
4585_1436450345.jpg,#d3d5bf
4586_1458303567.jpg,#ebe3dc
4587_1443425332.jpg,#1c1c14
4587_1443425499.jpg,#1d1c15
4587_1446104361.jpg,#977c61
459.jpg,#515344
46.jpg,#bc903f
4602_1435078504.jpg,#392b36
4603_1435081841.jpg,#f8f5ed
4603_1446181914.jpg,#252222
4604_1435303404.jpg,#8b7668
4607_1435148167.jpg,#c8c1b9
4643_1433228774.jpg,#cb9893
4644_1433228679.jpg,#40382a
4644_1447939891.jpg,#453b34
4645_1436291748.jpg,#393a3e
4650_1435137436.jpg,#343432
4653_1435153669.jpg,#8c7a78
467.jpg,#414536
4677_1433245275.jpg,#433437
4678_1452507709.jpg,#c1bcb2
4679_1452508406.jpg,#a2776a
4680_1452507793.jpg,#a2776a
4682_1433316730.jpg,#ccc7bc
4690_1435153683.jpg,#8c7a78
4693_1433325147.jpg,#37323b
4694_1435136389.jpg,#f8f5ed
47.jpg,#333233
4700_1436522019.jpg,#48402f
4705_1457007940.jpg,#905e5a
4706_1436440154.jpg,#3c2e27
473.jpg,#97c7d4
4742_1436167622.jpg,#b88f5a
4749_1433489896.jpg,#494c50
4763_1435152967.jpg,#c5c082
4768_1436440212.jpg,#403930
4772_1435744015.jpg,#4d4c4f
4773_1433513721.jpg,#332c2c
4777_1451117805.jpg,#2e2721
4778_1436440812.jpg,#977e6b
4782_1436265381.jpg,#3b463e
4784_1457086007.jpg,#b9b39f
47_1427106256.jpg,#2d2928
4803_1433763671.jpg,#786857
4807_1433930021.jpg,#a2907e
4808_1433920073.jpg,#786857
4808_1436790335.jpg,#b6a392
4808_1437487541.jpg,#cf7059
4808_1450704730.jpg,#a88585
4814_1433763753.jpg,#eae0d8
4815_1448100087.jpg,#435170
4817_1444976491.jpg,#7f7367
4818_1446185571.jpg,#8a7f72
4819_1446185612.jpg,#8a7f72
4820_1446186078.jpg,#8a7f72
4820_1446186917.jpg,#8a7f72
4821_1446187073.jpg,#8a7f72
4822_1446187125.jpg,#8a7f72
4823_1446183709.jpg,#8a7f72
4824_1446187481.jpg,#8a7f72
4825_1446187539.jpg,#8a7f72
4826_1446187581.jpg,#8a7f72
4834_1433763836.jpg,#6c635c
4836_1434956785.jpg,#bfae78
4837_1433763293.jpg,#2f304c
4838_1450773617.jpg,#4a3929
484.jpg,#e3e3e2
4841_1440142923.jpg,#c9a6a5
4845_1455193695.jpg,#7d6352
4853_1445322163.jpg,#8c6035
4859_1445321075.jpg,#bb9d7f
4875_1440154887.jpg,#3f3027
4901_1459937232.jpg,#43342d
4915_1450772868.jpg,#a97b58
4924_1437487548.jpg,#3a4e3d
4928_1465884431.jpg,#424133
4929_1438775427.JPG,#ac7774
4937_1440142264.jpg,#b6a483
4939_1440155294.jpg,#a59a7b
4949_1434961086.jpg,#373336
4956_1434961549.jpg,#3e413e
4967_1434964125.jpg,#716a62
4968_1434964360.jpg,#4e4f56
4974_1457003513.jpg,#b7aea5
4980_1434965262.jpg,#343329
4988_1434965856.jpg,#796e67
4991_1436445818.jpg,#766260
4996_1459929830.jpg,#725c4c
5027_1434966516.jpg,#463d35
5028_1434966658.jpg,#b4adac
5029_1434967128.jpg,#6e675f
5030_1434967266.jpg,#e2d5af
5040_1434967395.jpg,#c29f6a
5041_1434967544.jpg,#493d3c
5042_1436863567.jpg,#433f41
5044_1436290262.jpg,#473730
5045_1434968192.jpg,#bdb08a
5045_1439465373.jpg,#caccbb
5047_1434968354.jpg,#434136
5047_1434968356.jpg,#434136
5066_1460206320.jpg,#6b6868
5069_1457008342.jpg,#34373a
5069_1457008624.jpg,#34373a
5069_1457008801.jpg,#34373a
5070_1457003202.jpg,#3b3535
5077_1434002013.jpg,#e4e4e8
5077_1434348291.jpg,#322a2a
5079_1436862307.jpg,#cbc5ba
5082_1436863078.jpg,#a5878c
5083_1440234711.jpg,#e7eae8
5084_1436863619.jpg,#c56e5f
5085_1436861419.jpg,#75655c
5089_1436861589.jpg,#323134
50_1438065821.jpg,#ddcec9
5144_1437487560.jpg,#2e3431
5145_1435305731.png,#c78c50
5145_1436862111.jpg,#ab9764
5146_1436861699.jpg,#a89893
5147_1436862481.jpg,#2d221c
5148_1436862747.jpg,#180e10
5148_1436862754.jpg,#180e10
5149_1446104757.jpg,#946949
5149_1446105097.jpg,#946949
5149_1446105222.jpg,#946949
5149_1446105399.jpg,#946949
5149_1460189467.jpg,#946949
5150_1440142228.jpg,#b9a26c
5152_1437487573.jpg,#353136
5162_1436862677.jpg,#47392f
5191_1438846615.jpg,#413e3e
5191_1438846640.jpg,#413e3e
5200_1440137477.jpg,#82665a
5204_1457167800.jpg,#6d5f35
523.jpg,#444848
5241_1440658587.jpg,#c2cabe
5241_1440658603.jpg,#c2cabe
5275_1452508822.jpg,#796b65
5303_1440013153.jpg,#1e1d1d
530_1449645609.jpg,#a88365
5310_1457007606.jpg,#1f1c1e
5313_1455171721.jpg,#474448
5327_1457003158.jpg,#c78e65
5331_1458302847.jpg,#3c335f
5331_1458302863.jpg,#3c335f
5341_1440156168.jpg,#733e1c
5347_1457003063.jpg,#a69382
5347_1460445047.jpg,#4b413b
5348_1457003617.jpg,#3a363b
5349_1439956609.JPG,#ad9782
5353_1444744885.jpg,#94836b
5355_1441112144.jpg,#433a26
5373_1434462426.jpg,#d070a6
5374_1436290924.jpg,#433835
5383_1455191158.jpg,#3a342b
5387_1434540026.jpg,#959390
5425_1457168075.jpg,#392c23
5444_1440233483.jpg,#492e34
5444_1459599237.jpg,#b4a178
5477_1457168047.jpg,#c0ad94
547_1438065792.jpg,#ddcec9
5502_1446185488.jpg,#8a7f72
5505_1440140910.jpg,#262320
5508_1446187641.jpg,#8a7f72
5508_1446187690.jpg,#8a7f72
5529_1434622191.jpg,#2f3030
552_1438108421.jpg,#b3aba5
554_1438111508.jpg,#ddcec9
555.jpg,#a59f2b
5560_1434710217.jpg,#4c2e4b
5560_1434963758.jpg,#2b2739
5566_1452234520.jpg,#919194
5566_1470983811.jpg,#464444
5570_1435239155.jpg,#8e574c
5570_1448344958.jpg,#928a8a
5585_1435239178.jpg,#8e574c
5586_1455171520.jpg,#b4ab9f
559.jpg,#d8d0c2
5601_1457003570.jpg,#2d3639
5601_1457003770.jpg,#2d3639
5603_1440151603.jpg,#a8927e
5603_1440151618.jpg,#a8927e
5617_1458302218.jpg,#433f3f
561_1433251241.jpg,#4a4c49
561_1438243330.jpg,#83655f
5621_1450772106.jpg,#2f2a2a
563_1434447885.jpg,#86857f
5641_1440138583.jpg,#383335
5655_1435574757.jpg,#bea26c
5655_1453890814.jpg,#c1b197
5655_1460102499.jpg,#3a3131
5657_1435561968.jpg,#ddc4b8
566.jpg,#f7edeb
566_1427262209.jpg,#4c341f
567.jpg,#6a6452
5671_1440151583.jpg,#a8927e
567_1427279426.jpg,#423d35
568.jpg,#4c3c15
5684_1434810847.jpg,#a75036
569.jpg,#bbb3a5
569_1427106207.jpg,#bcb2a7
5709_1436947576.jpg,#c0b9af
570_1421847241.jpg,#b0bdaa
570_1425971530.jpg,#dec896
571.jpg,#424e50
5711_1436863667.jpg,#303840
5711_1436863681.jpg,#303840
5713_1458724872.jpg,#3b2b39
5717_1457168112.jpg,#a56e4b
571_1427106410.jpg,#443f49
5721_1435138540.JPG,#733625
5721_1435138663.JPG,#733625
5725_1435305577.jpg,#ab9e9d
5726_1435313840.jpg,#9c9482
5727_1440140958.jpg,#705747
5728_1456142119.jpg,#46423d
5729_1440141648.jpg,#aea59b
573.jpg,#d19309
5733_1435237139.png,#d4bdc1
5733_1435238330.png,#c9afb3
5735_1436864092.jpg,#3f3941
5735_1452234369.jpg,#423838
5735_1471018477.jpg,#4f4e4c
5736_1471018526.jpg,#b9b5a2
5737_1471018683.jpg,#4a4841
5739_1436863905.jpg,#3f3941
5739_1452234424.jpg,#736669
5739_1471018566.jpg,#444446
5744_1464097166.jpg,#966144
5745_1458301781.jpg,#3f3d3c
5746_1459506597.jpg,#6f6b67
5747_1457947628.jpg,#4f4742
5748_1458301772.jpg,#897154
5749_1435318988.jpg,#b4aca2
575.jpg,#e3d1b5
5750_1457167957.jpg,#4b3e39
575_1426569953.jpg,#352e29
576.jpg,#cec1b6
5769_1459930306.jpg,#3a3837
577.jpg,#c2c5c6
579.jpg,#98805b
579_1426845704.jpg,#aa9275
581.jpg,#2b2061
5817_1465218280.jpg,#6e595b
5833_1458302364.jpg,#3a3837
5842_1435224246.jpg,#3e413e
5848_1440142777.jpg,#72665e
586.jpg,#3f4646
587_1438111187.jpg,#ddcec9
5884_1435223563.jpg,#3e413e
5885_1460361367.jpg,#dbbc8f
5887_1435226044.jpg,#3e413e
5888_1435227322.jpg,#3e413e
5888_1435227394.jpg,#3e413e
5889_1435229988.jpg,#3e413e
5890_1435232690.jpg,#3e413e
5892_1435236103.jpg,#463d35
5895_1440136406.jpg,#454346
5898_1435740286.jpg,#362530
590.jpg,#16141c
5900_1435740032.jpg,#867c60
5902_1440136447.jpg,#454346
5909_1444977948.jpg,#db8d75
590_1427106026.jpg,#dcac7a
5928_1435645820.jpg,#463d35
5950_1436941759.jpg,#7d7157
5956_1436941798.jpg,#746d6a
5957_1436941820.jpg,#494545
5958_1436941865.jpg,#868f92
5959_1436941880.jpg,#86766f
596.jpg,#e5e3e7
5962_1436268808.jpg,#3f3a41
5963_1436947681.jpg,#43464b
5964_1436268780.jpg,#3f3a41
5968_1436271435.jpg,#959995
596_1421678963.jpg,#9b876d
5970_1435994270.jpg,#18120f
5973_1435946175.jpg,#8e574c
5973_1436205782.jpg,#abb4a8
5975_1435995995.jpg,#b89c7d
5979_1436190377.jpg,#80706c
5986_1444910195.jpg,#8d633e
5996_1456924063.jpg,#8e7e69
6001_1436271670.jpg,#d3bfb2
6003_1436277072.jpg,#b08f53
6005_1436354521.jpg,#b9af97
6005_1440393624.jpg,#4e5051
6009_1438242867.jpg,#b3a076
6010_1436947687.jpg,#c0b09f
6011_1436765475.jpg,#140805
6013_1436949426.jpg,#4a3b33
6019_1437376011.jpg,#0f0c0a
602.jpg,#7a3a5f
6021_1436874163.jpg,#463f3b
6022_1436874210.jpg,#463f3b
6025_1436945069.jpg,#4e3b3c
6025_1436947563.jpg,#3e261c
6029_1446187750.jpg,#8a7f72
602_1421847336.jpg,#af8e80
602_1427280947.jpg,#ae8c80
603.jpg,#6a2785
6034_1455171355.jpg,#756964
604.jpg,#425042
6042_1437041354.jpg,#70716d
6047_1437041014.jpg,#6f593b
6049_1443179008.jpg,#cabfb5
604_1427262631.jpg,#e3b458
605.jpg,#dcbba3
6052_1440233192.jpg,#665748
6052_1440233553.jpg,#493e32
6058_1458540785.jpg,#2f3232
6064_1453104287.jpg,#373437
607.jpg,#424340
608.jpg,#b2141c
6081_1445231307.jpg,#313a43
6082_1443178958.jpg,#865a51
6082_1452499690.jpg,#ba3335
608_1470638900.jpg,#bdb5b7
609.jpg,#b2141c
61.jpg,#857461
610.jpg,#3d2417
6118_1443178925.jpg,#7d725b
612.jpg,#e6b74d
6125_1438687147.jpg,#1e2229
6126_1438095361.jpg,#ddcec9
6128_1445869393.jpg,#6f695f
6129_1438605035.jpg,#3f3838
613.jpg,#d5a37c
6133_1438604937.jpg,#4b4b4e
6134_1438686815.jpg,#c2bdb0
6139_1444720810.jpg,#383535
613_1428059669.jpg,#201a32
6140_1440133512.jpg,#c4b9a2
6141_1447071276.jpg,#716a58
6144_1463741458.jpg,#79613d
6151_1444720783.jpg,#765645
6151_1459331445.jpg,#3e4440
616.jpg,#c86c77
6162_1459338659.jpg,#2e201f
6166_1448100551.jpg,#323038
616_1427279159.jpg,#1e1113
6188_1457002377.jpg,#8d9863
6189_1439975353.jpg,#b6a891
6189_1439975457.jpg,#baac91
619.jpg,#bc903f
6190_1440136474.jpg,#454346
6191_1440136502.jpg,#454346
6195_1440136522.jpg,#454346
6197_1440137716.jpg,#3c3835
6199_1440006345.jpg,#c2854c
61_1427105776.jpg,#393330
620.jpg,#898584
6202_1440078313.jpg,#b38e66
6208_1440078365.jpg,#424338
621.jpg,#a48669
6212_1440226549.jpg,#1f2426
6212_1440227278.jpg,#e6eae8
6214_1442231015.jpg,#3a4e3d
6215_1440153409.jpg,#2f2f33
6216_1440155901.jpg,#d3a792
6216_1457173072.jpg,#c08c60
6218_1440078402.jpg,#7e7978
6219_1439907243.jpg,#492811
6227_1457002318.jpg,#32302a
6228_1440088767.jpg,#80614d
6230_1440091841.jpg,#302f2d
6232_1440149759.jpg,#3e4431
6234_1440752839.jpg,#655b48
6235_1440421728.jpg,#353832
6239_1449818243.jpg,#383736
6241_1440668198.jpg,#c2cabe
6245_1444990388.jpg,#c9a396
6247_1443179153.jpg,#87574e
624_1438111066.jpg,#ddcec9
6250_1459506617.jpg,#888482
6254_1452158579.jpg,#c2b7a6
6254_1471018611.jpg,#474540
6257_1449818349.jpg,#313e3a
625_1427106128.jpg,#443d34
6266_1443181180.jpg,#4f5c39
6280_1442387357.jpg,#656a5d
6280_1442388257.jpg,#9f9f95
6280_1442388500.jpg,#6b6a5e
6280_1442388717.png,#b6b5ad
6289_1444719361.jpg,#ccaf70
6291_1444719380.jpg,#c79866
6316_1448100759.jpg,#736452
6317_1446734782.jpg,#766e6a
6319_1455170451.jpg,#423f44
6320_1462433294.jpg,#b28b52
6324_1451733300.jpg,#090808
6333_1444744935.jpg,#879fb1
6342_1466420937.jpg,#542b18
6377_1449645321.jpg,#817367
6394_1444717574.jpg,#b58b64
6397_1447071212.jpg,#20181c
6408_1458300701.jpg,#b19087
6411_1446733789.jpg,#b7b0a5
6412_1446734670.jpg,#3b2336
6414_1444723713.jpg,#c6c1c1
6414_1458540675.jpg,#232121
6415_1446733930.jpg,#4c3c30
6417_1457003748.jpg,#c0b5b0
6422_1450359667.jpg,#3e4647
6427_1446733519.jpg,#d8d2c4
6432_1447065338.jpg,#c2c3c3
6440_1465217910.jpg,#4e3b2c
6446_1446732651.jpg,#8e8469
6450_1449818384.jpg,#b8b2a0
6451_1457002754.jpg,#41393f
6452_1444717605.jpg,#38353f
6457_1446732398.jpg,#b59c75
645_1445231401.jpg,#d0b6aa
6460_1446734176.jpg,#363433
6461_1444631136.jpg,#382312
6462_1444722514.jpg,#413a33
6466_1458391810.jpg,#373f47
6466_1460444909.jpg,#39414c
6467_1458725698.jpg,#333b3c
6468_1444719406.jpg,#c5a790
6479_1446738367.jpg,#292222
6479_1446738453.jpg,#292222
647_1432878126.jpg,#372b2b
6480_1458726482.jpg,#e0bea1
6496_1446735223.jpg,#3b3233
6499_1465278516.jpg,#766669
6501_1452504381.jpg,#453523
6503_1446732683.jpg,#8e8469
6507_1446736303.jpg,#756767
6509_1446735422.jpg,#e3bdaf
6511_1444734464.jpg,#816950
6513_1446735704.jpg,#e3bdaf
6514_1446735512.jpg,#e3bdaf
6515_1446735566.jpg,#e3bdaf
6518_1447165929.jpg,#8d8d88
6525_1446733320.jpg,#a17748
6526_1446733567.jpg,#d8d2c4
6527_1446733338.jpg,#a17748
6529_1446733593.jpg,#d8d2c4
6530_1446733351.jpg,#a17748
6534_1446736282.jpg,#323433
6535_1446733620.jpg,#d8d2c4
6540_1446734530.jpg,#423c35
6548_1446735033.jpg,#af997e
6559_1448100975.jpg,#856560
6563_1445231349.jpg,#d1c7c5
6564_1457008359.jpg,#34373a
6567_1458553115.jpg,#b99364
657.jpg,#d0cac7
6574_1446736127.jpg,#bbb4ae
6587_1445231266.jpg,#201b2a
6589_1457003744.jpg,#3e2234
6594_1446734426.jpg,#968a89
6594_1452234458.jpg,#736869
6598_1457003052.jpg,#363b41
6602_1457008370.jpg,#34373a
6603_1454759291.jpg,#afa295
6613_1457008378.jpg,#34373a
6614_1457008683.jpg,#34373a
6624_1457008544.jpg,#34373a
6632_1446733077.jpg,#726969
6642_1445235318.jpg,#d18770
6644_1446445205.jpg,#453e3e
6650_1457003176.jpg,#4a372b
6656_1464096519.jpg,#b6b0ab
6668_1458299373.jpg,#c1aba0
6668_1458299381.jpg,#c1aba0
6680_1457008820.jpg,#806d59
6686_1459930188.jpg,#3b3531
6694_1445420779.jpg,#c2b7a7
6697_1458726561.jpg,#b1adac
6698_1445592751.jpg,#343218
6706_1446736205.jpg,#968d8f
6707_1445839865.jpg,#3a3c48
6730_1457003073.jpg,#9e7665
6753_1458726568.jpg,#b5b3b2
6756_1459929693.jpg,#737173
6768_1458726431.jpg,#777575
6774_1446009059.jpg,#423431
6796_1446735184.jpg,#cea9c8
6808_1458724944.jpg,#7b716b
6808_1458724957.jpg,#7b716b
6874_1447932652.jpg,#a9a49b
6876_1447933970.jpg,#403432
6876_1453104478.jpg,#3e3330
6881_1446735707.jpg,#e3bdaf
6881_1446735724.jpg,#e3bdaf
6882_1449141957.jpg,#202b1c
6885_1450771226.jpg,#3f3d35
6885_1457161568.jpg,#897c4d
6888_1458725839.jpg,#362d2c
6890_1446711626.jpg,#3f3535
6891_1446713138.jpg,#3f3535
6891_1452237831.jpg,#b9abb0
6893_1446716209.jpg,#3f3535
6893_1451453786.jpg,#27272d
6894_1446736255.jpg,#a9a174
6905_1446889456.jpg,#3b2336
6907_1447930279.jpg,#c5b79e
6933_1458733259.jpg,#947f6b
6922_1447933690.jpg,#9a7c63
6941_1449214233.jpg,#443430
6942_1447932728.jpg,#9a7c63
6943_1449212107.jpg,#171524
6950_1449212235.jpg,#171524
695_1445235692.jpg,#353f4a
6964_1457964935.jpg,#43423e
6972_1450704808.jpg,#3b3127
6974_1463742122.jpg,#bfbcbe
6978_1448965647.jpg,#b59c8d
6979_1455191429.jpg,#3a342b
6982_1449204638.jpg,#303743
6983_1457002252.jpg,#8d7950
6985_1449227495.jpg,#915e31
6988_1449321286.jpg,#915e31
6991_1449227469.jpg,#915e31
6991_1465217181.jpg,#cba774
6992_1449230695.jpg,#915e31
6993_1449237855.jpg,#915e31
6995_1449238182.jpg,#915e31
6996_1449239308.jpg,#915e31
6997_1451116212.jpg,#777472
6999_1449240388.jpg,#915e31
7006_1449241778.jpg,#915e31
7009_1455170882.jpg,#322725
701.jpg,#3a3d31
7010_1457085927.jpg,#484234
7010_1457085972.jpg,#484234
7012_1459923377.jpg,#aa947d
7013_1459923429.jpg,#a4725b
7013_1465884639.jpg,#b6a697
7014_1453104177.jpg,#3c3232
7015_1451116526.jpg,#2e2b2e
7017_1454128160.jpg,#915e31
7021_1458300039.jpg,#4d3a34
7024_1458303079.jpg,#49423e
7028_1451115711.jpg,#333237
7034_1451470066.jpg,#bbaa8d
7036_1452253722.jpg,#444854
7037_1451117699.jpg,#2e2721
7038_1458551405.jpg,#93908d
7040_1451116602.jpg,#343f58
7047_1464493965.jpg,#38303d
7049_1451115950.jpg,#908682
7053_1451115319.jpg,#3e3b40
7054_1454068358.jpg,#aa927c
7056_1456923591.jpg,#8d422c
7064_1450771167.jpg,#885e5a
712.jpg,#363f48
7123_1455541705.jpg,#4c3c2d
7125_1457007890.jpg,#6a6257
7127_1457007891.jpg,#6a6257
7131_1457003711.jpg,#41474e
7133_1457163682.jpg,#a8a88c
7134_1461923412.jpg,#48473f
7135_1459504638.jpg,#484a4f
7136_1457015027.jpg,#424442
7136_1457350798.jpg,#37332f
7142_1451115394.jpg,#826251
7143_1457003900.jpg,#746e6d
7145_1464098565.jpg,#49484f
714_1446445270.jpg,#2b2828
715.jpg,#3a3932
7157_1455169263.jpg,#2a2f33
715_1427279873.jpg,#4c4843
7162_1454759247.jpg,#2a081a
7166_1455168363.jpg,#b28961
7168_1455168452.jpg,#b28961
7174_1458726602.jpg,#d3cfc5
7177_1454571160.jpg,#8d8166
718.jpg,#c2aa6d
718_1427105982.jpg,#a7966c
718_1448348391.jpg,#4a3f44
7190_1457003928.jpg,#433e3d
7205_1455190365.jpg,#786b61
7211_1455190398.jpg,#786b61
7211_1459507120.jpg,#4f5751
7212_1455198024.jpg,#454342
7220_1456923950.jpg,#d0cecb
7224_1459582463.jpg,#967365
7224_1460110490.jpg,#e4dccb
7267_1470917186.jpg,#e0976e
7273_1470917238.jpg,#e0976e
728.jpg,#cfcbbb
728_1427279590.jpg,#d9cfb9
7297_1457002151.jpg,#2a2239
7298_1457002154.jpg,#2a2239
7299_1457002538.jpg,#484952
7301_1457002873.jpg,#80845c
731.jpg,#a68a58
7317_1460975474.jpg,#372d22
7335_1457947544.jpg,#6c6158
7338_1464096809.jpg,#bcb8b4
7344_1457003375.jpg,#404b86
7345_1464494677.jpg,#72584a
7350_1455170626.jpg,#3f3634
7354_1455170782.jpg,#3f3634
7355_1456919043.jpg,#765538
7356_1457008434.jpg,#34373a
7359_1461230838.jpg,#b9b36a
7360_1454128240.jpg,#915e31
7371_1458725146.jpg,#d59781
7386_1462345325.jpg,#2d1c17
7400_1457008166.jpg,#848990
7400_1457008178.jpg,#848990
7400_1457008229.jpg,#848990
7408_1454573912.jpg,#302a31
7418_1454128286.jpg,#915e31
741_1433929938.jpg,#b7acaa
7421_1462268585.jpg,#2c2c3f
7428_1458733309.jpg,#947f6b
7429_1453367525.jpg,#6f6353
742_1433929950.jpg,#b7acaa
7430_1455167613.jpg,#3c2923
7434_1458733363.jpg,#947f6b
7435_1455171357.jpg,#756964
7436_1455167880.jpg,#9d7d6b
7439_1454128374.jpg,#915e31
7440_1454128323.jpg,#915e31
7441_1454139302.jpg,#915e31
7446_1455198773.jpg,#c1b8ac
7447_1454583575.jpg,#795d5b
7448_1457003758.jpg,#4b4745
7450_1461581144.jpg,#2e1d12
7451_1456121002.jpg,#c6bab4
7451_1456920627.jpg,#d1cbcb
7458_1457002726.jpg,#6e5d5b
7498_1458628252.jpg,#bfbab9
752.jpg,#3d3c37
7521_1464099086.jpg,#845252
7525_1461995846.jpg,#ba975a
752_1427105820.jpg,#463c39
7532_1461923530.jpg,#a08063
7540_1463728056.jpg,#c1ab91
7553_1460706105.jpg,#413832
7571_1458302070.jpg,#261f1d
7571_1458302072.jpg,#261f1d
7571_1458302137.jpg,#261f1d
7585_1464098088.jpg,#8b8872
76.jpg,#bc903f
7603_1466491125.jpg,#cdcbbe
7616_1462179163.jpg,#b27468
7635_1458540735.jpg,#d7baac
7643_1458726488.jpg,#85564b
7661_1458628014.jpg,#c7c6af
7668_1464070134.jpg,#a8a284
7716_1458726215.jpg,#a19183
7717_1459338743.jpg,#4b4848
7724_1458627940.jpg,#433a33
7724_1461587522.jpg,#342d39
7728_1461579001.jpg,#c7b2a7
7773_1464494441.jpg,#9a5859
7792_1459494806.jpg,#bcb2a7
7805_1464069853.jpg,#393d3c
782.jpg,#6f5644
7847_1464494523.jpg,#898a82
7868_1460986457.jpg,#b69c81
7870_1459950399.jpg,#342f2c
7872_1460033440.jpg,#756e69
7875_1460033370.jpg,#3b393a
7875_1461222186.jpg,#372e28
7879_1460441899.jpg,#3b423e
7880_1465217336.jpg,#717275
7890_1462342441.jpg,#e4e0d1
7907_1467366746.jpg,#504b48
7915_1462261816.jpg,#b19431
7922_1465814235.jpg,#d0b58e
7933_1463991652.jpg,#e8d8ba
7937_1462016637.jpg,#b4914d
8021_1464072843.jpg,#ecdfd6
8021_1464788865.jpg,#dbc2bb
806.jpg,#dacec2
807.jpg,#d8d0c2
8094_1467019003.PNG,#e1dfd5
8125_1465218138.jpg,#2e2128
813_1433930337.jpg,#47332c
816.jpg,#bf9d73
816_1426569994.jpg,#232a29
82.jpg,#a59f2b
823_1438095297.jpg,#ddcec9
823_1438095345.jpg,#b3aba5
825.jpg,#ece7e1
825_1427280171.jpg,#ead4cf
826.jpg,#453736
827.jpg,#463e32
827_1427279893.jpg,#403833
84.jpg,#333738
841_1438064140.jpg,#d7ccbf
8447_1463048995.jpg,#302215
845.jpg,#987060
8470_1463051953.jpg,#353835
850.jpg,#468ea7
853.jpg,#578790
8534_1465218357.jpg,#725a4a
8598_1465218601.jpg,#c0b9ab
862_1438064276.jpg,#ddcec9
862_1456120142.jpg,#3e3222
869.jpg,#dacec2
871.jpg,#82b686
872.jpg,#dfaf82
8742_1463997405.jpg,#835f45
8742_1465564906.jpg,#99753e
877.jpg,#6b6c66
878_1424163181.jpg,#a67e4c
878_1426061975.jpg,#ba8449
878_1450707319.jpg,#dfcba0
879.jpg,#4c4c47
880.jpg,#bc903f
881.jpg,#474948
881_1426759947.jpg,#40474d
882.jpg,#d2c4af
8821_1464494154.jpg,#41373a
883_1433763735.jpg,#717270
8861_1469791614.jpg,#433e41
889_1460382355.jpg,#6b7a8c
8924_1465206281.jpg,#33251b
8945_1465283479.jpg,#454745
900.jpg,#becdb4
900_1426063216.jpg,#dabeb7
9040_1465293337.png,#44353b
9040_1465293355.png,#44353b
905.jpg,#9e7b5d
905_1427280665.jpg,#9d7c60
906.jpg,#dacec2
907.jpg,#2e201d
9130_1465822941.jpg,#cb9938
9171_1467365372.jpg,#473f31
9172_1467270436.JPG,#322921
9173_1467366638.jpg,#b5b1ac
9172_1467276561.jpg,#d1a097
9174_1467365693.jpg,#453e42
9177_1467366802.jpg,#8e9a94
9187_1466490890.jpg,#d9c1bd
9215_1467296347.jpg,#453f39
923.jpg,#4e4e4a
9231_1467365457.jpg,#7d6466
9240_1466490999.jpg,#cdcbbe
9246_1466591867.jpg,#c7b8b1
925.jpg,#a19583
926.jpg,#917f65
9262_1467366441.jpg,#3f3d39
9267_1467366353.jpg,#c2bfb0
9268_1466584367.jpg,#0a0a08
9268_1466584645.jpg,#d9b8ad
9268_1466584735.jpg,#542b18
927.jpg,#a4b0b5
927_1427262617.jpg,#aca9a5
9282_1469172171.jpg,#bec1b6
940.jpg,#1e1615
941.jpg,#615033
9412_1471863931.jpg,#302927
941_1425967387.jpg,#403526
942.jpg,#465327
943.jpg,#f2eceb
944.jpg,#7b786e
946.jpg,#22261b
949.jpg,#2f333e
950.jpg,#454a3a
955.jpg,#424235
957.jpg,#40454d
961.jpg,#e5d7b8
962.jpg,#c6bfa8
963.jpg,#507756
964.jpg,#d1ae73
965.jpg,#201e21
966.jpg,#342c24
968.jpg,#403423
968_1426570713.jpg,#403225
969.jpg,#6e6f77
970.jpg,#232e3b
971.jpg,#3f4956
971_1471335196.jpg,#ae9b7e
972.jpg,#4d4f41
973.jpg,#5d6a60
973_1471335067.jpg,#907b60
974.jpg,#413d33
975.jpg,#ccb59c
976.jpg,#c1cccd
977.jpg,#464e40
978.jpg,#36454c
979.jpg,#3a3637
97_1433931260.jpg,#70695b
980.jpg,#99723d
981.jpg,#2e2926
982.jpg,#ada7b0
983.jpg,#b4b1ab
983_1427279186.jpg,#afa8a4
984.jpg,#393837
984_1426063086.jpg,#302e33
984_1459333715.jpg,#d8834a
985.jpg,#364237
986.jpg,#d8d0c2
987.jpg,#dcd8d4
987_1425970018.jpg,#d9d4d2
988.jpg,#847461
989.jpg,#cec4c5
99.jpg,#774b21
990.jpg,#404639
991.jpg,#5d755b
992.jpg,#31403d
995.jpg,#442f40
998_1438111158.jpg,#b3aba5
998_1460030548.jpg,#4c4340
999_1438111055.jpg,#ddcec9
1_1473975935676.jpg,#2a2724
1_1473975953909.jpg,#2a2724
1_1473976004933.jpg,#2a2724
1_1473976056947.jpg,#2a2724
1_1473976119606.jpg,#2a2724
1_1473976229350.jpg,#2a2724
1_1473976275117.jpg,#2a2724
1_1473976319883.jpg,#2a2724
1_1473976444489.jpg,#2a2724
1_1473976491184.jpg,#2a2724
1_1476354272429.jpg,#c0743b
1004_1476364848989.jpg,#2e2828
1004_1476364897854.jpg,#d5d0ca
1004_1476364923906.jpg,#2e2828
1031_1476364988687.jpg,#463c47
1041_1476365084800.jpg,#1d5362
1068_1473691067240.jpg,#31352a
1068_1474114986911.jpg,#31352a
166_1476450555972.jpg,#433e38
1682_1473777544903.jpg,#be9947
171_1476451641174.jpg,#deca9a
1801_1475748174945.jpg,#a9a094
1828_1475748076385.jpg,#9d8248
1884_1474883834860.jpg,#37353c
1891_1474350166876.jpg,#8c7e65
2013_1475747772071.jpg,#905339
2035_1474637198140.jpg,#322a43
2146_1476686094312.jpg,#4c3e40
2155_1476685957398.jpg,#403637
2169_1475747600156.jpg,#ad8f7f
2194_1474885108835.jpg,#4d4e44
2215_1474282033927.jpg,#83575f
2223_1474874886569.jpg,#cab3ac
2806_1476366187317.jpg,#8e6663
2997_1474374024725.jpg,#222620
3175_1472825113642.jpg,#3e3b41
3204_1472824908242.jpg,#bbb8b6
3229_1474454198474.jpg,#817d9a
328_1476774571939.jpg,#c7a96c
3382_1476366511307.jpg,#af4b3b
3614_1474453857780.jpg,#79625a
3667_1476366607231.jpg,#786660
3679_1476366693444.jpg,#463f3b
4203_1474373863564.jpg,#74534a
424_1476777911309.jpg,#49433e
4279_1473687535290.jpg,#8c8170
4279_1476366864593.jpg,#8c8170
449_1476364626643.jpg,#3d383a
47_1476357401459.jpg,#2d2928
4705_1476367387607.jpg,#8d5d59
4878_1474878913184.jpg,#b4a5a0
5596_1475668476833.jpg,#ca0d2c
561_1476779517582.jpg,#4a4c49
570_1476779955021.jpg,#deca9a
6047_1476367559150.jpg,#6e583b
6049_1476425283105.jpg,#cabeb5
6245_1474884753279.jpg,#d9c7b6
6322_1476699170573.jpg,#dfd6bc
6350_1476699228580.jpg,#cfb088
6377_1476425616732.jpg,#7e7066
6500_1474368017363.jpg,#988c77
6531_1476699089467.jpg,#362a1b
6593_1474884181099.jpg,#393831
6747_1474354607095.jpg,#453436
7011_1474878965982.jpg,#e5e3d3
7146_1473798304828.jpg,#f1f1f7
7146_1473852383186.jpg,#4a494c
7146_1473976802231.jpg,#ae6c57
7146_1473976877978.jpg,#c4c4c2
7146_1474022182287.jpg,#c4c4c2
7146_1474022344268.jpg,#c4c4c2
7146_1474045873667.jpg,#ddc3c1
7148_1474354158054.jpg,#1d0d28
7159_1474879246638.jpg,#7e595c
718_1476787338528.jpg,#4a3f44
7187_1474878833576.jpg,#4a4343
7194_1474878554187.jpg,#b8aeb2
7358_1474878346248.jpg,#15161e
7635_1476426000624.jpg,#d7baac
7663_1474453659211.jpg,#a2876c
7771_1474552595421.jpg,#968f8a
7786_1474454270080.jpg,#2f282c
7883_1474373670505.jpg,#b6a186
7883_1474615561300.jpg,#b6a186
8094_1475658228089.jpg,#a27c6a
8094_1475658562240.jpg,#a27c6a
8289_1473664857125.jpg,#938060
8289_1476426583029.jpg,#938061
8332_1475747961303.jpg,#3b3931
8728_1474279455755.jpg,#3f444a
8744_1474874618671.jpg,#3c4d3c
881_1476794233533.jpg,#41474d
8837_1472800304531.jpg,#b6764a
8837_1472810083512.jpg,#423d43
8837_1472810092020.jpg,#423d43
8837_1472884783979.jpg,#423d43
8837_1474118340116.jpg,#423d43
8851_1473417885065.jpg,#b4a594
8851_1476426903164.jpg,#b3a594
8924_1475235764345.jpg,#45352f
8937_1474278107963.jpg,#b9b19e
8955_1476284532208.jpg,#cdb676
8968_1473661765305.jpg,#a7957f
8968_1476427093541.jpg,#a7957f
9112_1473773066473.jpg,#473f3a
9112_1476427224742.jpg,#473f3a
9124_1476275014278.jpg,#dcb5a5
9301_1474110452989.jpg,#8c8865
9304_1475487419424.jpg,#4b534a
9399_1476698999325.jpg,#cec6bd
9400_1473765174120.jpg,#b4aba0
9400_1473838043723.jpg,#b4aba0
9412_1476427619157.jpg,#312927
9415_1472040302547.jpg,#c5924e
9415_1472042108761.jpg,#c5924e
9417_1472109970902.jpg,#f2c7c6
9417_1474891714276.jpg,#2d3136
9423_1475566622096.jpg,#2f2923
9423_1475573857843.jpg,#363229
9427_1474636079345.jpg,#2c2828
9442_1473772327491.jpg,#d2986d
9442_1476427816071.jpg,#d2986f
9443_1475740472045.jpg,#d8d3bf
9447_1472817587176.jpg,#282221
9447_1476427907134.jpg,#282221
9467_1473687609801.jpg,#8c8170
9467_1476427991376.jpg,#8c8170
9469_1476443057124.jpg,#4d3d36
9470_1474354059820.jpg,#cfc1a7
9477_1474879318799.jpg,#2d301e
9481_1475136388441.jpg,#474646
9507_1475666157853.jpg,#928b86
9508_1475668538422.jpg,#ca0d2c
9531_1476711360863.jpg,#a19e90
9548_1476699322731.jpg,#dcd4c8
9557_1476712074564.jpg,#7d6a66
9561_1476784197956.jpg,#d1cfca
9565_1476785768508.jpg,#6cbb46
10-1.jpg,#d7d4d0
10-2.jpg,#c9dbda
10-3.jpg,#b6c6c8
10-4.jpg,#124165
11-1.jpg,#224f63
11-2.jpg,#2d4253
11-3.jpg,#d0c3b6
11-4.jpg,#d9d0c6
12-1.jpg,#eff1f4
12-2.jpg,#e6d3ce
12-3.jpg,#c6b4ba
12-4.jpg,#dac3b2
13-1.jpg,#1d1618
13-2.jpg,#756055
13-3.jpg,#c7c1c1
13-4.jpg,#0d0505
14-1.jpg,#dad3c9
14-2.jpg,#412b24
14-3.jpg,#221d22
14-4.jpg,#816456
25-1.jpg,#dbcfc7
25-2.jpg,#c3b743
25-3.jpg,#d9d2cd
25-4.jpg,#d9dbdc
26-1.jpg,#d5d2ce
26-2.jpg,#cda79c
26-3.jpg,#e6dad0
26-4.jpg,#ac9673
32-1.jpg,#84503e
32-2.jpg,#e0d7d1
32-3.jpg,#040404
32-4.jpg,#b0775b
35-1.jpg,#1b3041
35-2.jpg,#a5968e
35-3.jpg,#e3d2a3
35-4.jpg,#c1a386
36-1.jpg,#c1d4e6
36-2.jpg,#27474a
36-3.jpg,#816869
36-4.jpg,#1978c3
40-1.jpg,#e8c7b6
40-2.jpg,#bbcb7a
40-3.jpg,#252818
40-4.jpg,#c2c2c1
41-1.jpg,#c0b3b0
41-2.jpg,#d0cfcb
41-3.jpg,#2e3b45
41-4.jpg,#3f4644
41-5.jpg,#dddad9
42-1.jpg,#ad7b3d
42-2.jpg,#8f865e
42-3.jpg,#dcb895
42-4.jpg,#a78336
43-1.jpg,#d6cecc
43-2.jpg,#ac9391
43-3.jpg,#d1c3c1
43-4.jpg,#d1c7c5
44-1.jpg,#dcd8d3
44-2.jpg,#424e41
44-3.jpg,#ca996f
44-4.jpg,#e6d6d5
45-1.jpg,#eedbc0
45-2.jpg,#d6ab7a
45-3.jpg,#3d1d0e
45-4.jpg,#3d532a
45-5.jpg,#94a738
46-1.jpg,#43414c
46-2.jpg,#a57f66
46-3.jpg,#c5bab3
46-4.jpg,#363334
46-5.jpg,#9b7e6f
5-1.jpg,#142641
5-2.jpg,#e3b3ad
5-3.jpg,#cac2be
5-4.jpg,#dacfc2
6-1.jpg,#e2d9c8
6-2.jpg,#cec4c2
6-3.jpg,#cecac1
6-4.jpg,#d2c4ad
7-1.jpg,#c69b8c
7-2.jpg,#dbd1cb
7-3.jpg,#d5d3d4
7-4.jpg,#b3aeb3
8-1.jpg,#ccc7c8
8-2.jpg,#c77469
8-3.jpg,#bec1c6
8-4.jpg,#cdcbc6
9-1.jpg,#e5e5e5
9-2.jpg,#cfc1be
9-3.jpg,#ded1ca
9-4.jpg,#e0d8d5
1004_1476364848989.jpg,#2d2726
1004_1476364897854.jpg,#d5d1cc
1004_1476364923906.jpg,#2d2726
1_1473975935676.jpg,#fbab1c
1_1473975953909.jpg,#fbab1c
1_1473976004933.jpg,#fbab1c
1_1473976056947.jpg,#fbab1c
1_1473976119606.jpg,#fbab1c
1_1473976229350.jpg,#fbab1c
1_1473976275117.jpg,#fbab1c
1_1473976319883.jpg,#fbab1c
1_1473976444489.jpg,#fbab1c
1_1473976485132.jpg,#fbab1c
1_1473976491184.jpg,#fbab1c
1_1476354272429.jpg,#c27439
1031_1476364988687.jpg,#463b47
1041_1476365084800.jpg,#1d5362
1068_1473691067240.jpg,#d8bc92
1068_1474114986911.jpg,#d8bc92
166_1476450555972.jpg,#433e37
1682_1473777544903.jpg,#bf9947
171_1476451641174.jpg,#dec896
1801_1475748174945.jpg,#a8a095
1828_1475748076385.jpg,#9e8247
1884_1472197808124.jpg,#c6b1a6
1884_1474883834860.jpg,#37353c
1891_1474350166876.jpg,#8c7e65
2013_1475747772071.jpg,#905339
2035_1474637198140.jpg,#322a43
2146_1476686094312.jpg,#4c3e40
2155_1476685957398.jpg,#403637
2169_1475747600156.jpg,#a88572
2194_1474885108835.jpg,#4d4e44
2215_1474282033927.jpg,#84575f
2223_1474874886569.jpg,#cab3ac
2806_1476366187317.jpg,#8f6663
2997_1474374024725.jpg,#212620
3175_1472825113642.jpg,#3e3b41
3204_1472824908242.jpg,#b9b7b5
3229_1474454198474.jpg,#817d9a
328_1476774571939.jpg,#c7a96c
3382_1476366511307.jpg,#b04b3a
3614_1474453857780.jpg,#7a625a
3667_1476366607231.jpg,#786660
3679_1476366693444.jpg,#463f3b
4203_1474373863564.jpg,#74544a
424_1476777911309.jpg,#49433e
4279_1473687535290.jpg,#8c8170
4279_1476366864593.jpg,#8c8170
449_1476364626643.jpg,#3c3839
47_1476357401459.jpg,#2d2928
4705_1476367387607.jpg,#905e5a
4878_1474878913184.jpg,#b4a59f
5596_1475668476833.jpg,#cb0c2c
561_1476779517582.jpg,#4a4c49
570_1476779955021.jpg,#dec896
6047_1476367559150.jpg,#6f593b
6049_1476425283105.jpg,#cabfb5
6245_1474884753279.jpg,#d9c7b5
6322_1476699170573.jpg,#dfd6bc
6332_1472638927024.jpg,#f8535d
6350_1476699228580.jpg,#ceb088
6377_1476425616732.jpg,#817367
6500_1474368017363.jpg,#988c77
6531_1476699089467.jpg,#362a1b
6593_1474884181099.jpg,#393831
6747_1474354607095.jpg,#453436
7011_1474878965982.jpg,#e5e3d3
7146_1473798304828.jpg,#f2f2fa
7146_1473852383186.jpg,#4a494c
7146_1473976802231.jpg,#af6c57
7146_1473976877978.jpg,#c4c4c3
7146_1474022182287.jpg,#c4c4c3
7146_1474022344268.jpg,#c4c4c3
7146_1474045873667.jpg,#dcc3c1
7146_1476861250252.jpg,#cec0b7
7146_1476861384239.jpg,#cec0b7
7148_1474354158054.jpg,#1b0d26
7159_1474879246638.jpg,#7e595c
718_1476787338528.jpg,#4a3f44
7187_1474878833576.jpg,#4a4343
7194_1474878554187.jpg,#b8adb1
7358_1474878346248.jpg,#15161e
7635_1476426000624.jpg,#d7baac
7663_1474453659211.jpg,#a2876c
7771_1474552595421.jpg,#96908a
7786_1474454270080.jpg,#2e282c
7883_1474373670505.jpg,#b7a185
7883_1474615561300.jpg,#b6a186
8094_1475658228089.jpg,#a37c6a
8094_1475658562240.jpg,#a37c6a
8289_1473664857125.jpg,#937f5e
8289_1476426583029.jpg,#938060
8332_1475747961303.jpg,#3a3931
8728_1474279455755.jpg,#3f444b
8744_1474874618671.jpg,#3c4d3c
881_1476794233533.jpg,#40474d
8837_1472800304531.jpg,#b6764a
8837_1472810083512.jpg,#413d44
8837_1472810092020.jpg,#413d44
8837_1472884783979.jpg,#413d44
8837_1474118340116.jpg,#413d44
8851_1473417885065.jpg,#b4a594
8851_1476426903164.jpg,#b4a594
8924_1475235764345.jpg,#45352f
8937_1474278107963.jpg,#b9b19e
8955_1476284532208.jpg,#ccb676
8968_1473661765305.jpg,#a7957f
8968_1476427093541.jpg,#a7957f
9112_1473773066473.jpg,#473f3a
9112_1476427224742.jpg,#473f3a
9124_1476275014278.jpg,#ddb4a4
9301_1474110452989.jpg,#8c8865
9304_1475487419424.jpg,#4b534a
9399_1476698999325.jpg,#cec6bd
9400_1473765174120.jpg,#b3aa9f
9400_1473838043723.jpg,#b3aa9f
9412_1476427619157.jpg,#302927
9415_1472040302547.jpg,#c7934e
9415_1472042108761.jpg,#c7934e
9417_1472109970902.jpg,#f3c7c6
9417_1474891714276.jpg,#2d3136
9420_1472638857353.jpg,#f8535d
9423_1475566622096.jpg,#2e2923
9423_1475573857843.jpg,#333028
9427_1474636079345.jpg,#2c2828
9442_1473772327491.jpg,#d1966b
9442_1476427816071.jpg,#d2986d
9443_1475740472045.jpg,#262817
9447_1472817587176.jpg,#272120
9447_1476427907134.jpg,#282221
9467_1473687609801.jpg,#8c8170
9467_1476427991376.jpg,#8c8170
9469_1476443057124.jpg,#4d3d37
9470_1474354059820.jpg,#8c7b5d
9477_1474879318799.jpg,#2c301d
9481_1475136388441.jpg,#716b64
9507_1475666157853.jpg,#928c86
9508_1475668538422.jpg,#cb0c2c
9531_1476711360863.jpg,#a19d90
9548_1476699322731.jpg,#dcd4c9
9557_1476712074564.jpg,#7d6a66
9561_1476784197956.jpg,#d1cfca
9565_1476785768508.jpg,#6cbc45
